{
  "project_info": {
    "project_number": "1057479782406",
    "project_id": "weighttracker-af3f4",
    "storage_bucket": "weighttracker-af3f4.firebasestorage.app"
  },
  "client": [
    {
      "client_info": {
        "mobilesdk_app_id": "1:1057479782406:android:a59adc372a70171cf49387",
        "android_client_info": {
          "package_name": "com.example.weighttrackerapp"
        }
      },
      "oauth_client": [],
      "api_key": [
        {
          "current_key": "AIzaSyDtMcJSPmjSWXjwUBCge8xKTTqMv5pOeoM"
        }
      ],
      "services": {
        "appinvite_service": {
          "other_platform_oauth_client": []
        }
      }
    }
  ],
  "configuration_version": "1"
}